[{"id":"user-image-TK22_A418MTB_Shoes1.webp","publicUrl":"np://user.desktop.nicepage.com/Site_74266819/images/TK22_A418MTB_Shoes1.webp","size":306668,"hash":"p6wH8wIpnN/G2SPHtmptZ+yaPoo=","fileName":"TK22_A418MTB_Shoes1.webp","name":"TK22_A418MTB_Shoes1","width":1200,"height":675,"thumbnail":{"url":"np://user.desktop.nicepage.com/Site_74266819/images/TK22_A418MTB_Shoes1.webp","width":250,"height":141},"usages":["12619457","938125533","2205519144"]},{"id":"user-image-bike_tues_core4_header.jpg","publicUrl":"np://user.desktop.nicepage.com/Site_74266819/images/bike_tues_core4_header.jpg","size":260289,"hash":"pMcFMiRLD9oPTfJNCH0fnbQNJAo=","fileName":"bike_tues_core4_header.jpg","name":"bike_tues_core4_header","width":2300,"height":1266,"thumbnail":{"url":"np://user.desktop.nicepage.com/Site_74266819/images/thumbnails/bike_tues_core4_header.jpg","width":250,"height":138},"usages":["12619457","938125533","2205519144"]},{"id":"user-image-1.webp","publicUrl":"np://user.desktop.nicepage.com/Site_74266819/images/1.webp","size":116914,"hash":"15Ha9RJPSqA3Ah62d+dA4ZNHtl8=","fileName":"1.webp","name":"1","width":1280,"height":650,"thumbnail":{"url":"np://user.desktop.nicepage.com/Site_74266819/images/1.webp","width":250,"height":127},"usages":["12619457","938125533","2205519144"]},{"id":"user-image-BikePark_ONeill-00164-RO1D3097-E.2e16d0ba.fill-1920x1200_GyMySbL.jpg","publicUrl":"np://user.desktop.nicepage.com/Site_74266819/images/BikePark_ONeill-00164-RO1D3097-E.2e16d0ba.fill-1920x1200_GyMySbL.jpg","size":234782,"hash":"KIH2LFWVnQMqRnw26DP+4NXJsQg=","fileName":"BikePark_ONeill-00164-RO1D3097-E.2e16d0ba.fill-1920x1200_GyMySbL.jpg","name":"BikePark_ONeill-00164-RO1D3097-E.2e16d0ba.fill-1920x1200_GyMySbL","width":1280,"height":800,"thumbnail":{"url":"np://user.desktop.nicepage.com/Site_74266819/images/thumbnails/BikePark_ONeill-00164-RO1D3097-E.2e16d0ba.fill-1920x1200_GyMySbL.jpg","width":250,"height":156},"usages":["12619457"]},{"id":"user-image-photo5416044822608854249.jpg","publicUrl":"np://user.desktop.nicepage.com/Site_74266819/images/photo5416044822608854249.jpg","size":239085,"hash":"7u1A5oyc91wSpna0aNNdPSViC18=","fileName":"photo5416044822608854249.jpg","name":"photo5416044822608854249","width":958,"height":1280,"thumbnail":{"url":"np://user.desktop.nicepage.com/Site_74266819/images/thumbnails/photo5416044822608854249.jpg","width":187,"height":250},"usages":["12619457"]},{"id":"user-image-2021-Prime-Rocket-DH-bike_affordable-consumer-direct-carbon-29er-downhill-mountain-bike_pushing.jpg","publicUrl":"np://user.desktop.nicepage.com/Site_74266819/images/2021-Prime-Rocket-DH-bike_affordable-consumer-direct-carbon-29er-downhill-mountain-bike_pushing.jpg","size":236956,"hash":"4S0FVrLe9w7Bvk3DAEyZEZsanqI=","fileName":"2021-Prime-Rocket-DH-bike_affordable-consumer-direct-carbon-29er-downhill-mountain-bike_pushing.jpg","name":"2021-Prime-Rocket-DH-bike_affordable-consumer-direct-carbon-29er-downhill-mountain-bike_pushing","width":1500,"height":900,"thumbnail":{"url":"np://user.desktop.nicepage.com/Site_74266819/images/thumbnails/2021-Prime-Rocket-DH-bike_affordable-consumer-direct-carbon-29er-downhill-mountain-bike_pushing.jpg","width":250,"height":150},"usages":["12619457"]},{"id":"user-image-691167.jpg","publicUrl":"np://user.desktop.nicepage.com/Site_74266819/images/691167.jpg","size":1202689,"hash":"B9UyKYLcdj4SKhMKckdhEZ7BRlg=","fileName":"691167.jpg","name":"691167","width":4096,"height":2160,"thumbnail":{"url":"np://user.desktop.nicepage.com/Site_74266819/images/thumbnails/691167.jpg","width":250,"height":132},"usages":["938125533"]},{"id":"user-image-old-bice.jpg","publicUrl":"np://user.desktop.nicepage.com/Site_74266819/images/old-bice.jpg","size":97013,"hash":"AbXirW6fDOkA4N3mGMdDD6yyoT4=","fileName":"old-bice.jpg","name":"old-bice","width":780,"height":585,"thumbnail":{"url":"np://user.desktop.nicepage.com/Site_74266819/images/thumbnails/old-bice.jpg","width":250,"height":188},"usages":["938125533"]},{"id":"user-image-bice.jpg","publicUrl":"np://user.desktop.nicepage.com/Site_74266819/images/bice.jpg","size":55629,"hash":"YAQZyR8B3FO4dcoRFKBTNHmIjWI=","fileName":"bice.jpg","name":"bice","width":780,"height":557,"thumbnail":{"url":"np://user.desktop.nicepage.com/Site_74266819/images/thumbnails/bice.jpg","width":250,"height":179},"usages":["938125533"]},{"id":"user-image-old-bicycle.jpg","publicUrl":"np://user.desktop.nicepage.com/Site_74266819/images/old-bicycle.jpg","size":28649,"hash":"mHGwdjD/T8zLLteamRKnoRDl2Gw=","fileName":"old-bicycle.jpg","name":"old-bicycle","width":780,"height":389,"thumbnail":{"url":"np://user.desktop.nicepage.com/Site_74266819/images/thumbnails/old-bicycle.jpg","width":250,"height":125},"usages":["938125533"]},{"id":"user-image-8f0e2a29-06f9-fbb9-a763-9aad8ed06f16.jpg","publicUrl":"np://user.desktop.nicepage.com/Site_74266819/images/8f0e2a29-06f9-fbb9-a763-9aad8ed06f16.jpg","size":12172,"hash":"+pNflhNZCKnDYuEJ6zncgQ3XeL0=","fileName":"8f0e2a29-06f9-fbb9-a763-9aad8ed06f16.jpg","name":"8f0e2a29-06f9-fbb9-a763-9aad8ed06f16","width":247,"height":204,"thumbnail":{"url":"np://user.desktop.nicepage.com/Site_74266819/images/thumbnails/8f0e2a29-06f9-fbb9-a763-9aad8ed06f16.jpg","height":204,"width":247,"length":12172,"type":"jpg"},"usages":["938125533"]},{"id":"user-image-5087603.jpg","publicUrl":"np://user.desktop.nicepage.com/Site_74266819/images/5087603.jpg","size":105275,"hash":"LzckGSFnQ/AnchQgqVctuwq996Y=","fileName":"5087603.jpg","name":"5087603","width":1600,"height":1066,"thumbnail":{"url":"np://user.desktop.nicepage.com/Site_74266819/images/thumbnails/5087603.jpg","width":250,"height":167},"usages":["938125533","2205519144"]},{"id":"user-image-3048136837_velosiped-bmx-radio.webp","publicUrl":"np://user.desktop.nicepage.com/Site_74266819/images/3048136837_velosiped-bmx-radio.webp","size":29106,"hash":"aYYewGOfxhlPDxW5v/xcK3wI3d4=","fileName":"3048136837_velosiped-bmx-radio.webp","name":"3048136837_velosiped-bmx-radio","width":900,"height":600,"thumbnail":{"url":"np://user.desktop.nicepage.com/Site_74266819/images/3048136837_velosiped-bmx-radio.webp","width":250,"height":167},"usages":["2205519144"]},{"id":"user-image-u_files_store_31_169338.jpg","publicUrl":"np://user.desktop.nicepage.com/Site_74266819/images/u_files_store_31_169338.jpg","size":61179,"hash":"jX5DroZpfhzpRrDo+cGPef9AkrA=","fileName":"u_files_store_31_169338.jpg","name":"u_files_store_31_169338","width":750,"height":500,"thumbnail":{"url":"np://user.desktop.nicepage.com/Site_74266819/images/thumbnails/u_files_store_31_169338.jpg","width":250,"height":167},"usages":["2205519144"]},{"id":"user-image-maxresdefault-8.jpg","publicUrl":"np://user.desktop.nicepage.com/Site_74266819/images/maxresdefault-8.jpg","size":100477,"hash":"vNtA/SJXXjbw9XYvJlVpdvfxK9Q=","fileName":"maxresdefault-8.jpg","name":"maxresdefault-8","width":1280,"height":720,"thumbnail":{"url":"np://user.desktop.nicepage.com/Site_74266819/images/thumbnails/maxresdefault-8.jpg","width":250,"height":141},"usages":["2205519144"]}]